
2013-03-06 15:07:05.929303,R1401,OPEN,Control4-Relay
2013-03-06 15:07:06.096570,R1402,OPEN,Control4-Relay
2013-04-09 09:50:04.681396,R1401,OPEN,Control4-Relay
2013-04-09 09:50:04.731669,R1402,OPEN,Control4-Relay
2013-04-09 09:54:24.906477,R1401,OPEN,Control4-Relay
2013-04-09 09:54:24.993034,R1402,OPEN,Control4-Relay
2013-04-09 10:12:38.014410,R1401,OPEN,Control4-Relay
2013-04-09 10:12:38.082157,R1402,OPEN,Control4-Relay
2013-04-09 10:17:08.304885,R1401,OPEN,Control4-Relay
2013-04-09 10:17:08.337159,R1402,OPEN,Control4-Relay
2013-04-09 10:21:30.840266,R1401,OPEN,Control4-Relay
2013-04-09 10:21:30.880153,R1402,OPEN,Control4-Relay
2013-04-09 10:26:30.811384,R1401,OPEN,Control4-Relay
2013-04-09 10:26:30.882091,R1402,OPEN,Control4-Relay
2013-04-09 11:50:39.950946,R1402,OPEN,Control4-Relay
2013-04-09 11:50:39.996506,R1401,OPEN,Control4-Relay
2013-04-09 11:55:52.293288,R1401,OPEN,Control4-Relay
2013-04-09 11:55:52.334852,R1402,OPEN,Control4-Relay
2013-04-09 12:23:37.838780,R1401,OPEN,Control4-Relay
2013-04-09 12:23:37.880178,R1402,OPEN,Control4-Relay
2013-04-16 11:29:08.283151,R1402,OPEN,Control4-Relay
2013-04-16 11:29:10.653315,R1401,OPEN,Control4-Relay
2013-06-03 11:30:04.175771,R1402,OPEN,Control4-Relay
2013-06-03 11:30:04.206264,R1401,OPEN,Control4-Relay
2013-08-21 16:29:37.997916,R1402,OPEN,Control4-Relay
2013-08-21 16:29:55.335200,R1401,OPEN,Control4-Relay
2013-10-08 14:16:19.579062,R1401,OPEN,Control4-Relay
2013-10-08 14:16:28.888695,R1402,OPEN,Control4-Relay