
2013-03-06 15:07:05.936633,R2401,OPEN,Control4-Relay
2013-03-06 15:07:06.104570,R2402,OPEN,Control4-Relay
2013-04-09 09:50:04.688564,R2401,OPEN,Control4-Relay
2013-04-09 09:50:04.741123,R2402,OPEN,Control4-Relay
2013-04-09 09:54:24.915145,R2401,OPEN,Control4-Relay
2013-04-09 09:54:25.000274,R2402,OPEN,Control4-Relay
2013-04-09 10:12:38.021608,R2401,OPEN,Control4-Relay
2013-04-09 10:12:38.090509,R2402,OPEN,Control4-Relay
2013-04-09 10:17:08.313189,R2401,OPEN,Control4-Relay
2013-04-09 10:17:08.344210,R2402,OPEN,Control4-Relay
2013-04-09 10:21:30.847333,R2401,OPEN,Control4-Relay
2013-04-09 10:21:30.888201,R2402,OPEN,Control4-Relay
2013-04-09 10:26:30.819780,R2401,OPEN,Control4-Relay
2013-04-09 10:26:30.889570,R2402,OPEN,Control4-Relay
2013-04-09 11:50:39.959640,R2402,OPEN,Control4-Relay
2013-04-09 11:50:40.003488,R2401,OPEN,Control4-Relay
2013-04-09 11:55:52.300495,R2401,OPEN,Control4-Relay
2013-04-09 11:55:52.341771,R2402,OPEN,Control4-Relay
2013-04-09 12:23:37.846331,R2401,OPEN,Control4-Relay
2013-04-09 12:23:37.887615,R2402,OPEN,Control4-Relay
2013-04-16 11:29:08.318731,R2402,OPEN,Control4-Relay
2013-04-16 11:29:10.660236,R2401,OPEN,Control4-Relay
2013-06-03 11:30:04.182843,R2402,OPEN,Control4-Relay
2013-06-03 11:30:04.214679,R2401,OPEN,Control4-Relay
2013-08-21 16:29:38.004933,R2402,OPEN,Control4-Relay
2013-08-21 16:29:55.343546,R2401,OPEN,Control4-Relay
2013-10-08 14:16:19.586098,R2401,OPEN,Control4-Relay
2013-10-08 14:16:28.896788,R2402,OPEN,Control4-Relay