
2013-03-06 15:07:05.917867,D401,OPEN,Control4-Door
2013-03-06 15:07:06.089508,D402,OPEN,Control4-Door
2013-04-09 09:50:04.672942,D401,OPEN,Control4-Door
2013-04-09 09:50:04.724700,D402,OPEN,Control4-Door
2013-04-09 09:54:24.899294,D401,OPEN,Control4-Door
2013-04-09 09:54:24.984634,D402,OPEN,Control4-Door
2013-04-09 10:12:38.003506,D401,OPEN,Control4-Door
2013-04-09 10:12:38.074685,D402,OPEN,Control4-Door
2013-04-09 10:17:08.297899,D401,OPEN,Control4-Door
2013-04-09 10:17:08.329930,D402,OPEN,Control4-Door
2013-04-09 10:21:30.832183,D401,OPEN,Control4-Door
2013-04-09 10:21:30.872756,D402,OPEN,Control4-Door
2013-04-09 10:26:30.803925,D401,OPEN,Control4-Door
2013-04-09 10:26:30.873650,D402,OPEN,Control4-Door
2013-04-09 11:50:39.944003,D402,OPEN,Control4-Door
2013-04-09 11:50:39.988950,D401,OPEN,Control4-Door
2013-04-09 11:55:52.284908,D401,OPEN,Control4-Door
2013-04-09 11:55:52.327651,D402,OPEN,Control4-Door
2013-04-09 12:23:37.830198,D401,OPEN,Control4-Door
2013-04-09 12:23:37.872901,D402,OPEN,Control4-Door
2013-04-16 11:29:08.276190,D402,OPEN,Control4-Door
2013-04-16 11:29:10.646228,D401,OPEN,Control4-Door
2013-06-03 11:30:04.166703,D402,OPEN,Control4-Door
2013-06-03 11:30:04.199114,D401,OPEN,Control4-Door
2013-08-21 16:29:37.986440,D402,OPEN,Control4-Door
2013-08-21 16:29:55.328165,D401,OPEN,Control4-Door
2013-10-08 14:16:19.570098,D401,OPEN,Control4-Door
2013-10-08 14:16:28.881481,D402,OPEN,Control4-Door